Topic,Count,Name,Representation,Representative_Docs,sentiment_neutral,sentiment_pos,sentiment_neg,best_retweet_idx,representative_text_indexes,topic_color
-1,1772,-1_rt_energy_battery_solar,"['rt', 'energy', 'battery', 'solar', 'electric', 'amp', 'ev', 'power', 'clean', 'charge']","[""We are always dependent on the energy, no matter if it‚Äôs day to day life or you‚Äôre on the holiday.\r\nThe lack of energy and low battery indicator should not prevent us from achieving our goals and have access to online tools.\r\nWith #GoCharge you don't have to worry about it anymore.‚Ä¶ https://t.co/JDkgcVpoNa https://t.co/N7v8IJ4WT3"", ""@TalkTV @JuliaHB1 That's because wind and solar aren't stable forms of energy. And battery tech is not good enough to store for long periods of time. Only nuclear energy could really replace fossil fuel power stations. But they take a while to build\r\nIf it wasn't for all the sewage hydro might help"", '@JustStop_Oil If we stop oil and gas in our country we would have to buy it else where so.we are paying other countries large amount of cash for it, also our wind farm, and nuclear power stations, will.not produce the amount of electric we need so what we need']",0.7773064334085779,0.17286963882618508,0.04983747178329571,0,"[276, 2967, 3681]","(128, 128, 128)"
0,537,0_ev_charging_electric_rt,"['ev', 'charging', 'electric', 'rt', 'battery', 'ev charging', 'storage', 'new', 'lithium', 'car']","['Get charged up for a better tomorrow! Introducing the latest in EV Charging Solutions! Take on your next road trip with confidence, knowing you can always find a charging station with our market-leading technology. #EvCharging #ElectricVehicle https://t.co/A09YxZXtaG', 'RT @SIRIMQASIntl: Electric Vehicle (EV) is no longer the future. It is the reality of today.\r\n\r\nWith more EVs on the roads, the number of EV‚Ä¶', 'RT @emporia_energy: ""The Emporia Electric Vehicle EV Charging Station is a high-value, attractively-priced smart home EV charger.""\r\n\r\nRead @t‚Ä¶']",0.8466759776536313,0.12067970204841715,0.03264059590316573,19,"[2173, 2190, 3248]","(126, 131, 156)"
1,128,1_mobility_sustainable_sustainable mobility_transport,"['mobility', 'sustainable', 'sustainable mobility', 'transport', 'rt', 'urban', 'urban mobility', 'sustainability', 'sustainable urban mobility', 'sustainable urban']","['üì¢New guide on mobility management, an essential part of sustainable urban mobility planning.\r\n\r\nüí°To help public &amp; private organisations shift towards more #sustainable modes of #transport. Result - less congestion &amp; better air quality. üö¥üö∂\u200d‚ôÇÔ∏èüöé\r\n\r\nhttps://t.co/3RN2NO9CjG\r\n#EUGreenDeal https://t.co/mxMELXLHVT', 'RT @Transport_EU: üì¢New guide on mobility management, an essential part of sustainable urban mobility planning.\r\n\r\nüí°To help public &amp; private o‚Ä¶', 'Farewell to the excellent #UITP2023 Summit. A great event to learn and share about sustainable urban mobility üëçüèΩ\r\n\r\nSee @ITF_Forum work for more liveable cities, including on New Mobility, Automated Vehicles, #PublicTransport and Shared Mobility üëâüèΩ https://t.co/PrkjYsgMFh https://t.co/aUiVCGRxHD']",0.7859375,0.2042734375,0.00978125,518,"[612, 632, 1046]","(57, 100, 171)"
2,119,2_grid_smart_smart grid_power,"['grid', 'smart', 'smart grid', 'power', 'electricity', 'energy', 'rt', 'power grid', 'amp', 'meters']","['Power from EV batteries could become part of a larger smart grid solution.  https://t.co/xQgif3zMOl', ""@realstewpeters Yes! That's the whole idea behind Climate Change\r\nor\r\nClimate Crisis.\r\n&amp; hidden in plain sight is the fact they want us ALL 100% dependent on electricity\r\nWith the new smart power meters &amp; the smart power grid when they start a rationing &amp; we don't comply they just turn us OFF! https://t.co/myyNoN3Uiw"", 'RT @IEA: Electricity systems are generating more data than ever, thanks to a growing number of smart power meters, connected devices &amp; grid‚Ä¶']",0.7186890756302521,0.23846218487394957,0.04286554621848739,132,"[479, 883, 3026]","(107, 173, 157)"
3,119,3_energy_efficiency_rt_renewable,"['energy', 'efficiency', 'rt', 'renewable', 'green', 'energy efficiency', 'renewable energy', 'clean', 'clean energy', 'transition']","['RT @PeoplesDailyapp: Annual investments in improving #energy efficiency must triple by 2030 in order for the world to remain able to keep g‚Ä¶', 'üîåüí° The world is reaching a clean energy tipping point as renewable energy becomes more competitive with fossil fuels. \r\nCheck out this article to learn more about the progress being made in the clean energy sector: https://t.co/P0J90neDax \r\n#RenewableEnergy #Sustainability', 'Time is of the essence. ‚è∞ \r\n\r\nThe earlier global energy sectors move into clean energy options like solar, wind and other sustainable renewable energy sources, the better it is for our üåé \r\n\r\nRead more about our research &amp; projects on energy transition ‚Ä¶\r\n\r\nhttps://t.co/lIvGVjXznr https://t.co/VwTKPYx8I7']",0.6914117647058824,0.26174789915966384,0.04682352941176471,20,"[1377, 1603, 3376]","(115, 91, 166)"
4,104,4_escooter_escooters_ride_rt,"['escooter', 'escooters', 'ride', 'rt', 'scooter', 'rides', 'new', 'transport', 'escooter trial', 'sure']","['Wait, does that mean the BG C12 is a power-bank? No, but a powerful commute for sure!üòç\r\n\r\nclick here https://t.co/QMvYRpGHie to book a test ride with the perfect family e-scooter.\r\n\r\n#BGaussElectricScooters #SabKeLiyeKuchExtra #BGC12 #ElectricScooters #FamilyScooter https://t.co/cCdvrVUswo', 'Wait, does that mean the BG C12 is a power-bank? No, but a powerful commute for sure!üòç\r\n\r\nHead to our website to book a test ride with the BG C12 e-scooter!\r\n\r\n#BGaussElectricScooters #SabKeLiyeKuchExtra #BGC12 #ElectricScooters #FamilyScooter https://t.co/14GSDG600N', '@Schmilly2 I want to get from north perth to balcatta, a straight trip up Charles/Wanneroo. PT not operating early enough. I thought that I could ride my e-scooter to work, and then catch the bus home. But not sure if I can take a scooter on the bus.']",0.8145192307692307,0.11677884615384615,0.06870192307692308,256,"[1895, 3878, 3881]","(66, 178, 96)"
5,103,5_bicycle_electric_electric bicycle_bike,"['bicycle', 'electric', 'electric bicycle', 'bike', 'ebike', 'electric bike', 'rt', 'folding', 'mountain', 'adults']","['Ancheer Electric Bike, Electric Bike for Adults 26"" EBike 500W Adult Electric Bicycle, 19.8MPH Electric Mountain Bike, 48V 10.4Ah Battery, Lockable Suspension Fork, Shimano 21 Speed, Color LCD Display\r\nNow $594.99\r\n\r\nhttps://t.co/8V8vjoEwWs https://t.co/ihlcG2GWeE', 'RT @BenBestDeals: Ancheer Electric Bike, Electric Bike for Adults 26"" EBike 500W Adult Electric Bicycle, 19.8MPH Electric Mountain Bike, 48‚Ä¶', '7 Speed Ebike Folding Electric Bike Electric Bicycle For Adult #ebikes #folding #FastX https://t.co/gVTTag8pHr']",0.8440097087378642,0.1336990291262136,0.022310679611650487,68,"[1887, 2582, 3796]","(139, 200, 176)"
6,80,6_solar_power_solar power_rt,"['solar', 'power', 'solar power', 'rt', 'rv', 'space', 'panels', 'solar panels', 'sun', 'energy']","['@MsAmericslaya Solar power', 'RT @high_infdelityy: @MsAmericslaya solar power!!!', 'Looking for a sustainable and stylish way to travel? Check out the RV of your dreams - the Lightship RV! With solar panels to charge your #EV and enough battery capacity to power your home, this sleek ride can even sleep up to six people. üòç #innovation #solarpowered #Rv #tech https://t.co/eDADIyAymG']",0.8347125,0.1381375,0.02715,6,"[907, 1878, 2488]","(33, 163, 188)"
7,80,7_wind_power_wind power_solar,"['wind', 'power', 'wind power', 'solar', 'farms', 'rt', 'solar wind', 'wind farms', 'offshore', 'wind turbines']","[""RT @latimeralder: The unreliability of wind power\r\n\r\nHere's how UK's wind powered electricity generation looked for all of 2022\r\n\r\nSometimes qu‚Ä¶"", 'RT @SchillerWalther: @dorfman_p Wind turbines which last 20 years , so every year you will need 1000 wind turbines every year, with a very‚Ä¶', ""The unreliability of wind power\r\n\r\nHere's how UK's wind powered electricity generation looked for all of 2022\r\n\r\nSometimes quite a lot.\r\n\r\nSonetimes nothing at all\r\n\r\n'We're sorry for the power cut. We hope the wind will pick up by Tuesday and the trains will start running again' https://t.co/gmxRJ2STdD""]",0.8318625000000001,0.11795,0.0501625,14,"[413, 438, 2426]","(148, 246, 187)"
8,66,8_battery life_life_battery_phone,"['battery life', 'life', 'battery', 'phone', 'iphone', 'apple', 'hours', 'tech', 'ios', 'day']","[""2 hours of battery life is really amazing + the fact that you can use it while plugged in is mind blowing tech. \r\n\r\nAlso it's so safe to wear something on your head and use it while it is charging all day. Might even just blow up and take you to Valhalla. Another plus. https://t.co/UdY1wts5Id"", '@osiristhe1 It is pretty much the same battery life. iPhone is better optimized and despite the fact that it has smaller battery still lives the full day if not longer. Nothing phone is 4500 mAh if I am not mistaken and you can expect it  to last until the late dinner', '@Apple Only 2 hours of battery life']",0.7827575757575758,0.14437878787878788,0.0728030303030303,45,"[2717, 2968, 3472]","(140, 252, 152)"
9,63,9_ret_renewableenergytoken_samamotahari4_samamotahari4 coingraphnews,"['ret', 'renewableenergytoken', 'samamotahari4', 'samamotahari4 coingraphnews', 'coingraphnews', 'game', 'renewableenergytoken samamotahari4 coingraphnews', 'renewableenergytoken samamotahari4', 'best', 'ret renewableenergytoken']","['@samamotahari4 @CoingraphNews Ret have surprise\r\nEvery day\r\nRet game in google play now\r\nWar of Energies\r\n$Ret\r\n#Renewable_Energy_Token', '@samamotahari4 @CoingraphNews Ret have surprise\r\nEvery day\r\nRet game in google play now\r\nWar of Energies. \r\n$Ret\r\n#Renewable_Energy_Token', '@samamotahari4 @CoingraphNews Ret have surprise\r\nEvery day\r\nRet game in google play now\r\nWar of Energies.. \r\n$Ret\r\n#Renewable_Energy_Token']",0.683952380952381,0.27065079365079364,0.04531746031746032,66,"[1090, 1100, 1101]","(97, 98, 204)"
10,56,10_battery life_apple_battery_life,"['battery life', 'apple', 'battery', 'life', 'tech', 'headset', 'pro', 'vision', 'vision pro', '3500']","[""Attention, tech enthusiasts and investors! Suppose you have $3,500 to spare. How will you spend it?\r\n\r\nü•ΩApple's Vision Pro, a groundbreaking wonder of technology with just 2 hours of battery life, OR...\r\n\r\nüìà 20 Apple shares, poised to soar to new heights?\r\n\r\nFor those who crave the‚Ä¶ https://t.co/8rGIpi9RNS https://t.co/JrwI0RHIhU"", ""You wanna know what's game changing about Apple's new VR headset? You can see out of it so you can see me pointing and laughing at you for spending $3,500, and only getting two hours of battery life on tech that's been around for years now."", 'Apple unveils #AR/#VR Vision Pro headset, revolutionizing spatial computing üöÄüòé Critics question $3,499 price &amp; 2-hour battery life. Tech game-changer or niche? #Apple\r\nhttps://t.co/eK09xCjJl6']",0.7592857142857143,0.17451785714285714,0.06625,214,"[1256, 2287, 3422]","(94, 228, 84)"
11,51,11_display_battery_camera_ram,"['display', 'battery', 'camera', 'ram', 'battery life', 'life', 'samsung', 'gen', 'fhd', 'amoled']","['Samsung Galaxy Z Flip5 5G\r\n\r\n‚úì Main: 6.7"" FHD+ AMOLED, 120Hz\r\n‚úì Outer: 3.4"" HD AMOLED\r\n‚úì Qualcomm Snapdragon 8 Gen 2 SoC\r\n‚úì 8GB RAM\r\n‚úì 128/256GB storage\r\n‚úì 12MP + 12MP main camera\r\n‚úì Android 13, OneUI 5.1\r\n‚úì 3,700mAh battery, 25W charging\r\n\r\n#Samsung #GalaxyZFlip5', 'vivo X Fold2 is here!\r\n\r\n* 8.03"" foldable AMOLED display\r\n* Snapdragon 8 Gen 2 chip\r\n* 12GB RAM\r\n* 4800mAh battery\r\n* 50MP triple rear camera\r\n* 16MP front camera\r\n\r\n#vivoXFold2 #vivo #foldablephone #Android\r\nhttps://t.co/T1r4PRGuZj', 'Samsung Galaxy F54 5G specs.\r\nDisplay-6.7inch FullHD+ Super Amoled plus(120Hz refresh rate)\r\nProcessor-Exynos 1380(5nm)\r\nCamera-108(OIS)+8MP+2MP\r\nFront Camera-32MP\r\nBattery-6000mah\r\n(Support 25watt charger)\r\nRAM-8GB(LPDDR4x)\r\nStorage-256GB(UFS2.2)\r\n10 5G Bands\r\n4+5 years update https://t.co/EqeEj7q7JR']",0.8516274509803922,0.12841176470588236,0.02,238,"[2302, 3388, 3412]","(13, 204, 132)"
12,49,12_rt_interview_wernerkeil_rt arikring,"['rt', 'interview', 'wernerkeil', 'rt arikring', 'jackthelad1947', 'arikring', 'point', 'im', 'charge', 'thank']","['A pleasure to meet @PMcGilla and his team today- Minty the sheep included! Fabulous hearing the passion and pride that sits behind all that hard work. Well done Ruse PS, EV a huge success! #LoveWhereYouWork https://t.co/tUiAgpY3SP', 'RT @arikring: @RisePDX @Jackthelad1947 @seth_leitman @debraruh @wernerkeil @SaleemulHuq @JeremyMallin @raduede @Tecgale @MarianSmedley @kir‚Ä¶', ""@GlennWhite1 @AnnieOldenough @HankMullaney @plimothoutwest @TexasKelGirl @JayVanOrman @AllanKirkhart @Sportsmomma2020 @Natizzy21 @donwill94062871 @Cara_TXZEAL @Kirkralphb @wmahoney5 @Tinybutfierce1 @HaroldWren11 @Media__Ferret @olystubbies44 @is_contagious @DonnaArchibal12 @mrsrdc1 @politicalwilli @salty_dawg69 @jellen805 @Conserve2MAGA @kirk_bridgers @HeddyNajjar @GeekRadpart3 @whackamolio @ds_abp @ModBond1 @ElaineSoCalGov @TheRand2025 @CadleSam @BrokenEg0 @scmom13 @Pimpernell13 @ljcljf @UniverseAtLarge @_mzishi_ @FeelFroggyLeap @ByronFackenthal @BigRfaze @birockinn @Debbie22210 @Pepe__J @denise_snively @sethjlevy @wakeywakey16 If they take out Joe early then Kamala gets to be in charge. The only credible choice who'd could possibly be a worst president at this point.""]",0.8587551020408163,0.11555102040816326,0.025693877551020407,17,"[83, 1922, 2772]","(120, 255, 156)"
13,47,13_electricboats_electricboats emobility_emobility_rt plugboats,"['electricboats', 'electricboats emobility', 'emobility', 'rt plugboats', 'plugboats', 'boat', 'electricboats emobility rt', 'electric boat', 'emobility rt', 'electric']","['RT @Plugboats: New EB EINS ultralight electric boat weighs only 89 kilograms https://t.co/shpSdFt4Mv #electricboats #emobility', 'RT @Plugboats: Electric boats show big at 6th hydrofoiling awards https://t.co/IDfv0alxER #electricboats #emobility', 'RT @Plugboats: WaVeS #8: Electric boat news and updates https://t.co/zUyBSGBg81 #electricboats #emobility']",0.8995106382978724,0.08885106382978723,0.011638297872340426,25,"[1408, 2048, 2050]","(81, 73, 159)"
14,46,14_kenya_transport_emobility_mobility,"['kenya', 'transport', 'emobility', 'mobility', 'electric', 'sustainable', 'president', 'future', 'rt', 'africa']","[""Our vision of a #sustainable transportation future aligns perfectly with President @WilliamsRuto 's commitment to introduce tax incentives for #emobility. This will pave the way for accelerated development of electric mobility in Kenya. \r\nWatch more here: https://t.co/0wYosRbBLH"", 'üåç Kenya has become a hub for electric vehicle start-ups. To support this growing industry, UNITAR and @KCBGroup have partnered on an initiative promoting #emobility in #Kenya.\r\n\r\nPilot trainings are underway for a greener future.\r\n\r\nLearn more: https://t.co/JgoBbnSgVp\r\n\xa0#greeneconomy https://t.co/DdWhdr7Vwi', 'I was honored to meet with Mr. Ababu Namwamba, Cabinet secretary of Youth Affairs, Sports and the Arts. Your dedication to healthy and sustainable mobility is an inspiration to all. Together, we can promote robust and inclusive communities in Kenya and beyond. \r\n\r\n#UNHA2 #SDG11 https://t.co/FkL40V2VvT']",0.7750217391304348,0.2068695652173913,0.018130434782608694,300,"[611, 717, 1290]","(92, 70, 63)"
15,42,15_charge_point_trump_guilty,"['charge', 'point', 'trump', 'guilty', 'shes', 'charges', 'just', 'count', 'god', 'thats']","['Ames was more of a clown who was always going to get caught, but Hanssen was incredibly smart and I think he did a lot of his spying just to prove to himself he could get away with it.\r\n\r\nAt one point the FBI put him in charge of finding himself. The whole story is like that.', ""@JeremyLshow @EdKrassen If Biden broke the law, cool lock him up too.  Question for you though.  Can you point to potential charge Trump is facing just for having the documents?\r\n\r\nFrom what I gather they are charging him for trying to purposely retain and hide them after the govm't tried to get them back"", ""@RadioFreeTom Please don't tell us you believe him! Trump probably convinced him to run saying he'd support him if he'd pardon him. But then again that's what he's saying to all of them. Even more to the point Manafort probably still in charge of Pence-puppet. None of them tell the truth. https://t.co/6igUsLgpVW""]",0.741547619047619,0.0990952380952381,0.15938095238095237,37,"[2012, 2700, 2774]","(211, 29, 17)"
16,41,16_energy_energy efficiency_efficiency_conference,"['energy', 'energy efficiency', 'efficiency', 'conference', 'global conference energy', 'conference energy', 'global conference', 'global conference energy efficiency', 'conference energy efficiency', 'global']","['Warm and successful meeting between the üáÆüáπ Minister for Environment and Energy Security @GPichetto  and the #IEA Executive Director @fbirol on the next üáÆüáπ  #G7 presidency at @IEA annual global conference on energy efficiency https://t.co/y5hhyPc8Sj', 'RT @fbirol: A pleasure to meet with Italian Minister @GPichetto on the sidelines of @IEA‚Äôs Global Conference on Energy Efficiency\r\n\r\nLooking‚Ä¶', 'A pleasure to meet with Italian Minister @GPichetto on the sidelines of @IEA‚Äôs Global Conference on Energy Efficiency\r\n\r\nLooking forward to close collaboration with üáÆüáπ to advance the energy &amp; climate priorities of its 2024 #G7 Presidency https://t.co/307NoEasdJ']",0.6831463414634147,0.30690243902439024,0.009951219512195122,54,"[662, 704, 3040]","(123, 131, 205)"
17,35,17_emobility_requirements_emobility team_emobility team work,"['emobility', 'requirements', 'emobility team', 'emobility team work', 'team work', 'team', 'talk', 'work', 'rt', 'hartshorne emobility']","['E-Mobility is one of the biggest trends. üîåüîã Surveys show that the expansion of private and public charging infrastructure is crucial for the success of electromobility. Energy suppliers play an important role in this!  üëÄ https://t.co/UU2pArXFWv', 'Let‚Äôs talk electric ‚ö°Ô∏è\r\n\r\nBased on your requirements the Hartshorne e-mobility team will work alongside you to offer a tailored comprehensive e-mobility solution. Talk to our team today, to see how best we can support you in making the switch to electric. \r\n\r\nhttps://t.co/QfhfnVtQlE https://t.co/rHEbg7mJ3d', 'RT @HartshorneGroup: Let‚Äôs talk electric ‚ö°Ô∏è\r\n\r\nBased on your requirements the Hartshorne e-mobility team will work alongside you to offer a t‚Ä¶']",0.8113714285714285,0.18702857142857143,0.0016,190,"[1301, 1421, 3181]","(138, 253, 201)"
18,34,18_lithium_lithium ion_battery_ion,"['lithium', 'lithium ion', 'battery', 'ion', 'batteries', 'lithium ion battery', 'ion battery', 'lithiumion', 'lithiumion battery', 'safety']","['FDNY: Lithium-ion battery fire fatalities in 2023 will likely surpass last 2 years combined https://t.co/HzlHMv8eH1', ""RT @911Videography: Several photos from Medford's 3 alarm fire this morning. The fire was caused by an E-Bike lithium ion battery fire on t‚Ä¶"", ""Several photos from Medford's 3 alarm fire this morning. The fire was caused by an E-Bike lithium ion battery fire on the 3rd floor. Companies from Malden, Somerville, Chelsea, Everett, Revere, and Arlington responded mutual aid to the fire to assist. More photos on my website. https://t.co/zBbIToIYNY""]",0.7376176470588236,0.06908823529411766,0.19323529411764706,70,"[1724, 2346, 3490]","(238, 20, 2)"
19,34,19_atkinson_rowan_rowan atkinson_guardian,"['atkinson', 'rowan', 'rowan atkinson', 'guardian', 'electric', 'piece', 'electric vehicles', 'rt', 'article', 'vehicles']","['A brilliant article by the equally brilliant Rowan Atkinson on why electric is not currently the way forward‚Ä¶‚Ä¶.. I love electric vehicles ‚Äì and was an early adopter. But increasingly I feel duped | Rowan Atkinson https://t.co/kARmMEpJVH', 'RT @guardian: Fact check: why Rowan Atkinson is wrong about electric vehicles https://t.co/adRgxxFr6w', 'RT @Gill_Nowell: Fact check: why Rowan Atkinson is wrong about #ElectricVehicles\r\n- \u2066@guardian\u2069 \r\n\r\nExcellent piece by \u2066@DrSimEvans\u2069 \u2066@CarbonB‚Ä¶']",0.7827058823529411,0.09744117647058823,0.11991176470588236,13,"[147, 257, 3731]","(239, 34, 20)"
20,27,20_ets2_fullelectric_scssoftware_scssoftware mantruckandbus,"['ets2', 'fullelectric', 'scssoftware', 'scssoftware mantruckandbus', 'mantg3tgx', 'emobility fullelectric', 'bestcommunityever', 'mantruckandbus', 'bestcommunityever emobility fullelectric', 'ets2 bestcommunityever emobility fullelectric']","['RT @JrgenMa70152075: @SCSsoftware\r\n@MANtruckandbus\r\n@MohSkinner\r\n@siyann_stuff\r\n#MANTG3TGX\r\n#ETS2\r\n#BestCommunityEver\r\n#emobility\r\n#Fullelectric \r\n@‚Ä¶', 'RT @JrgenMa70152075: @SCSsoftware\r\n@MANtruckandbus\r\n@MohSkinner\r\n@siyann_stuff\r\n#MANTG3TGX\r\n#ETS2\r\n#BestCommunityEver\r\n#emobility\r\n#Fullelectric \r\n#‚Ä¶', 'RT @JrgenMa70152075: @SCSsoftware\r\n@MANtruckandbus\r\n#MANTG3TGX\r\n@MohSkinner\r\n@siyann_stuff\r\n#ETS2\r\n#BestCommunityEver\r\n#emobility\r\n#Fullelectric \r\n#‚Ä¶']",0.8656296296296296,0.128,0.00637037037037037,1043,"[1399, 1418, 2038]","(146, 235, 99)"
21,25,21_hydrogen_green hydrogen_green_energy,"['hydrogen', 'green hydrogen', 'green', 'energy', 'greenhydrogen', 'semiconductor', 'clean hydrogen', 'hydrogen strategy', 'technology', 'rt']","['RT @elogicalstech: Greenzo Energy is gearing up to revolutionise the energy industry with its green hydrogen technology. #GreenHydrogen #Re‚Ä¶', 'RT @ENERGY: Reducing the cost of clean hydrogen is 1 of 3 key strategies in our National Clean Hydrogen Strategy and Roadmap. üõ£ \r\n\r\nDOE Natio‚Ä¶', ""Middle Eastern countries are seizing the opportunities in #RenewableEnergy! Oman's subsidiary, Hydrom, is making strides with $20B+ agreements for green hydrogen projects. Over 12 GW of renewable energy capacity will produce 500K tonnes of green hydrogen annually. Impressive! https://t.co/2DXq5SHMjc""]",0.80952,0.17636,0.014159999999999999,77,"[408, 1867, 2394]","(27, 207, 93)"
22,24,22_escooter_injuries_criminal_luckily injuries,"['escooter', 'injuries', 'criminal', 'luckily injuries', 'blast srinagar', 'trauma', '124 previous convictions', '124 previous', '124', 'criminal 124 previous']","['RT @IrishTimes: Criminal with 124 previous convictions needed drugs when he stabbed doctor on e-scooter https://t.co/0P7OoEEuPE', 'Criminal with 124 previous convictions needed drugs when he stabbed doctor on e-scooter https://t.co/0P7OoEEuPE', 'RT @courtsnewsIRL: A criminal with 124 previous convictions knocked a doctor from his e-scooter in Dublin city centre and stabbed him seven‚Ä¶']",0.633375,0.09375,0.27279166666666665,179,"[457, 1278, 1656]","(227, 8, 36)"
23,23,23_cycling_mobility_flyovers_infrastructure,"['cycling', 'mobility', 'flyovers', 'infrastructure', 'sustainable', 'lanes', 'sustainable mobility', 'transportation', 'walking', 'initiative']","['RT @peeleraja: Govt builds wider roads and flyovers, mostly for car owners. You never see campaigns dissuading people from cars. No lanes f‚Ä¶', 'Do your job, enhance transportation infrastructure - rail, road, waterways. Then ensure bicycle lanes. Then incentivise bicycle usage and disincentivise carbon fuelled cars, assuming you also do your job on power so electric cars are prevalent. Always putting cart before horse. https://t.co/pcKDa6X5EI', 'Govt builds wider roads and flyovers, mostly for car owners. You never see campaigns dissuading people from cars. No lanes for bicycles. Pavements get narrower and unusable.\r\n\r\nIts always focus on jazzy electric vehicles rather than actual sustainability.']",0.8334782608695651,0.14539130434782607,0.021130434782608697,67,"[881, 1028, 1094]","(22, 95, 227)"
24,18,24_batteries_ev battery_ev_battery,"['batteries', 'ev battery', 'ev', 'battery', 'years', 'range', 'evs batteries', 'chinese startup', 'recycle', 'winter']","['@LiamsTransport1 @westmidsbuses Electric car batteries have improved so much in just over a decade, range on one charge has gone from about 80 miles to anything from 250 to 300 miles. New battery tech under development will similarly allow long distance coaches to go fully electric in another 5 or 10 years.', 'RT @Earth911: Typically EVs have batteries that last 10 to 20 years, but there are ways to make your battery last a little longer. Try thes‚Ä¶', '@BreitbartNews Wait till your doing that at night, in the winter, with the heat and lights on. \r\nHard pass on EV, the battery tech is just NOT there yet. \r\nPERHAPS in 10-20 years, but not now.']",0.901,0.04888888888888889,0.050055555555555555,301,"[1700, 2210, 3401]","(222, 29, 10)"
25,18,25_potus_bipartisan_rt potus_budget,"['potus', 'bipartisan', 'rt potus', 'budget', 'investments', 'america', '470 billion', 'bipartisan budget', 'bipartisan budget agreement', 'budget agreement']","['RT @POTUS: Our historic investments in clean energy manufacturing ‚Äì now protected under the bipartisan budget agreement ‚Äì are helping us bu‚Ä¶', 'RT @WhiteHouse: Under @POTUS, private companies have announced over $470 billion in manufacturing and clean energy investments.\r\n\r\nAnd, we‚Äôve‚Ä¶', 'RT @POTUS: Our bipartisan budget agreement protects our economic progress ‚Äì including the $470 billion in private investment we‚Äôve spurred‚Ä¶']",0.7064444444444444,0.23644444444444446,0.05711111111111111,18,"[18, 34, 36]","(131, 59, 201)"
26,17,26_blockchain_bitcoin_mining_survey,"['blockchain', 'bitcoin', 'mining', 'survey', 'bitcoin mining', 'rt', 'frec', 'survey recent', 'blockchain networks comprehensive survey recent', 'detection blockchain']","['Volcano Energy, the company behind the site, said the funds would go toward developing the power generation park using solar and wind energy, which will eventually power the #Bitcoin mining operation', 'RT @IEEECOMST: [COMST Survey] Anomaly Detection in Blockchain Networks: A Comprehensive Survey\r\n\r\nThe recent advancements in blockchain has l‚Ä¶', '[COMST Survey] Anomaly Detection in Blockchain Networks: A Comprehensive Survey\r\n\r\nThe recent advancements in blockchain has led researchers to integrate blockchain in everyday cyber physical systems, such as smart grid, supply chain, electric vehicles, Int‚Ä¶https://t.co/euJX88wiLl']",0.793,0.17241176470588235,0.03464705882352941,33,"[1806, 2436, 3695]","(20, 147, 172)"
27,16,27_vietnam_investments_investments vietnam_energy storage,"['vietnam', 'investments', 'investments vietnam', 'energy storage', 'chinese', 'firms consider', 'storage', 'firms', 'chinese energy storage', 'big investments vietnam']","['RT @ChannelNewsAsia: Exclusive-Chinese energy storage, battery firms consider big investments in Vietnam -sources https://t.co/9Pcz2VaUbs h‚Ä¶', 'Exclusive: Chinese energy storage, battery firms consider big investments in #Vietnam -sources https://t.co/vrXwC8J1xu', 'Exclusive-Chinese energy storage, battery firms consider big investments in Vietnam -sources - https://t.co/lJr8ukhMqI']",0.8078125,0.1891875,0.003,76,"[2526, 2527, 3709]","(46, 149, 169)"
28,15,28_pakistans_copper_pakistan_sector,"['pakistans', 'copper', 'pakistan', 'sector', 'copper demand', 'energy', 'renewable energy', 'demand', 'renewable', 'coalitions efforts']","['The biggest contributor to GHG emissions in Pakistan is the transport sector. We need to shift our mindset &amp; use public transport &amp; mass transit.\r\nRenewable energy projects need a pre requisite, which is a smart grid system. Mr @mustafa_h_sayed @PciPakChina \r\n#BeatPlasticPollution https://t.co/VFiNARwMi1', 'RT @pak_investor: #copper demand has üöÄüöÄüöÄ\r\n\r\n‚ñ∂Ô∏è #electricVehicle\r\n‚ñ∂Ô∏è #solarpanels\r\n‚ñ∂Ô∏è #windmills\r\n‚ñ∂Ô∏è #powergrids\r\n\r\nCan #Pakistan capture this boom‚Ä¶', 'RT @SDPIPakistan: The biggest contributor to GHG emissions in Pakistan is the transport sector. We need to shift our mindset &amp; use public t‚Ä¶']",0.8023333333333333,0.1534,0.04446666666666667,215,"[905, 995, 2139]","(50, 88, 74)"
29,15,29_efficiency_energy_davetoke_efficient,"['efficiency', 'energy', 'davetoke', 'efficient', 'fuel', 'primary energy', 'heat', 'primary', 'thats', 'mw']","['@johnredwood The most efficient combustion engines available on the market today have a fuel efficiency of 40 percent. That means they can convert only 40 percent of the fuel energy into movement. All the rest is lost in heat and friction. Your point?', ""@DaveToke That's just how primary energy is defined. You can't calculate efficiency without knowing the thermal power rating. Solar and wind don't have stellar thermal efficiency either, but like nuclear it's not a big deal since you're not really burning fuel. https://t.co/VQe6Do53L3"", ""@DaveToke I guess since solar and wind aren't heat engines it would be turbine efficiency or solar efficiency or something. In any case, you can't calculate efficiency without knowing the primary energy! It's not a trick it's a necessary number to have.""]",0.5875333333333334,0.36246666666666666,0.05006666666666667,864,"[3041, 3626, 3627]","(47, 113, 187)"
30,14,30_charge_mavericks_lead_point,"['charge', 'mavericks', 'lead', 'point', 'love', 'play', 'guy jamal murray', 'lead heat 20 despite', 'lead heat 20', 'lead heat']","[""2006 Finals, Game 3 üéü\r\n\r\nMavericks lead Heat 2-0 ü§†\r\n\r\nDespite the Mavericks' 13-point lead in the fourth quarter, Dwyane Wade took charge and scored 15 points (he had 42 total), even with five fouls against him! ü™£üî•\r\n\r\n(üì∏ @adbphotoinc)\r\n\r\n(1 of 2) https://t.co/vFbGRdAtHi"", 'RT @6colorblind6: @donzie1960 He looks thinner in that pose?üôÉ\r\nSince he cannot play baseball can he charge the mound to start a fight?\r\nIf he‚Ä¶', ""@donzie1960 He looks thinner in that pose?üôÉ\r\nSince he cannot play baseball can he charge the mound to start a fight?\r\nIf he did that he would redeem himself for sucking..\r\nAlthough it's not his fault that he sucks it's the point of leaving him in the game that baffles all of us lol #LGM""]",0.6909285714285714,0.21607142857142855,0.09285714285714286,764,"[1713, 1883, 2554]","(56, 249, 143)"
31,13,31_point_justice_charge_social justice,"['point', 'justice', 'charge', 'social justice', 'vote', 'social', 'supported represented aim', 'course action supported represented aim', 'supported represented aim social justice', 'supported represented aim social']","['Really well made point! \r\n\r\n‚ÄúMember power is more than all of us having a vote, it‚Äôs members feeling empowered to lead the charge and be the change that they want to see in their workplaces‚Äù \r\n\r\n#VoteForStrike https://t.co/zvAdqLfmtf', ""RT @BrandonWarmke: ‚Äú‚Ä¶and a course of action might be supported because it represented the aim of 'social justice', which from the point of‚Ä¶"", ""‚Äú‚Ä¶and a course of action might be supported because it represented the aim of 'social justice', which from the point of view of 'justice' was not just. The term 'social justice' is in danger of losing its rational content -which would be replaced by a powerful emotional charge.‚Äù""]",0.7017692307692307,0.2093846153846154,0.08892307692307694,219,"[1818, 2560, 2566]","(134, 109, 204)"
32,12,32_graphite_batteries_graphene_purity achieved,"['graphite', 'batteries', 'graphene', 'purity achieved', 'gt9995', 'benchmark gt9995', 'kasiya graphite', 'kasiya graphite use', 'kasiya graphite use lithium', 'kasiya graphite use lithium ion']","['@sovereignmetals #SVML - Kasiya Graphite for use in Lithium ion Batteries\r\n\r\n-Above benchmark &gt;99.95% carbon purity achieved.\r\n\r\n-Near perfect crystallinity - an indicator of battery anode performance\r\n\r\nread- https://t.co/gaXyHbs8Tt https://t.co/p2OqF1Ml5X', 'RT @Brand_UK: #SVML @sovereignmetals - Kasiya #Graphite for use in #Lithium ion Batteries\r\n\r\n-Above benchmark &gt;99.95% carbon purity achieved.‚Ä¶', 'RT @Brand_UK: @sovereignmetals #SVML - Kasiya Graphite for use in Lithium ion Batteries\r\n\r\n-Above benchmark &gt;99.95% carbon purity achieved.‚Ä¶']",0.8915000000000001,0.09533333333333334,0.013166666666666667,920,"[982, 1959, 2336]","(48, 92, 79)"
33,12,33_bus_sindh_peoples red_red,"['bus', 'sindh', 'peoples red', 'red', 'peoples', 'peoples red bus', 'red bus', 'pink', 'white ev', 'brt']","['The PPP led Sindh Govt has launched the Peoples Red Bus , White EV Bus,Orange line BRT Bus, Pink Bus,Green bus in Karachi. The buses connect major residential hubs &amp; industrial &amp; business centers.\r\nThank You @BBhuttoZardari ‚ù§Ô∏è&amp; honourable Transport Minister @sharjeelinam . https://t.co/LnBSYC0S9s', 'The PPP led Sindh Govt has launched the Peoples Red Bus , White EV Bus,Orange line BRT Bus, Pink Bus,Green bus in Karachi. The buses connect major residential hubs &amp; industrial &amp; business centers.\r\nThank You @BBhuttoZardari ‚ù§Ô∏è&amp; honourable Transport Minister @sharjeelinam . https://t.co/sW1ZZQYPV8', 'RT @S_Hassam_Ali: The PPP led Sindh Govt has launched the Peoples Red Bus , White EV Bus,Orange line BRT Bus, Pink Bus,Green bus in Karachi‚Ä¶']",0.85825,0.14175000000000001,0.0,128,"[734, 793, 3215]","(44, 178, 196)"
34,12,34_charger_20v_liion_battery,"['charger', '20v', 'liion', 'battery', 'battery charger', 'hart 20v', 'hart', '2a', 'product', 'liion battery']","['RT @EbikeMarket: 24V 2A Lithium Polymer Battery Charger (Li-Ion)\r\n\r\nüí•Product Details\r\n\r\n‚Ä¢ Variant: Barrel 5.5mm x 2.1\r\n‚Ä¢ Product Type: Charger\r\n‚Ä¢‚Ä¶', 'HART 20V 2-Gallon Compressor Kit w/ 4Ah Lithium-ion Battery &amp; Charger $69 + Free Shipping https://t.co/phSPFtd8Dh \r\n*Slickdeals may get paid by brands or deals.', ""HART 20V 50-PSI Portable Rinser Kit w/ 20V 2Ah Li-Ion Battery &amp; 20' Hose $49 + Free Shipping https://t.co/pAQAugSIjT \r\n*Slickdeals may get paid by brands or deals.""]",0.8929999999999999,0.07475,0.03233333333333333,226,"[1174, 3514, 3527]","(115, 84, 209)"
35,10,35_nuclear_war_ukrainian_dam,"['nuclear', 'war', 'ukrainian', 'dam', 'ukraine', 'zaporizhzhia', 'putin', 'russia', 'military', 'amp']","['WAR DECLARED ON AMERICAN &amp; WORLD CITIZENS\r\n#RUSSIA - #CHINA - #IRAN - #SYRIA - #NORTHKOREA - #SCO - #BRICS \r\nBY ‚Äì The PSYCHOPATHIC Military Industrial Complex/The United States Government, a U.S. Military Contract (See Profile for Our Contracts &amp; Testimony)\r\nhttps://t.co/uQNX9zenAW', ""@edthetechie @CPoppino Do nazis have that right &amp; will NATO exist is the question at this point?  Also is the US or the WEF in charge? Due to the 2014 coup &amp; implementation of nazi ideology &amp; NATO's blind acceptance, Ukraine, as we knew it, no longer exists...Very sad but true!üò≥"", ""@Jeremia38042373 @InvestorHex @X75071112 @Sprinter99880 @KimDotcom That was Putin.  Russia is the only country that has threatened nuclear war if their win isn't guaranteed by the world.  \r\n\r\nZelensky only made a point that Ukraine would not exists if it lost the war.   About being in charge at the end, he said quite the opposite.""]",0.744,0.08549999999999999,0.17040000000000002,188,"[3100, 3583, 3782]","(225, 4, 40)"
36,10,36_lanka_mw_sri_sri lanka,"['lanka', 'mw', 'sri', 'sri lanka', 'foundation stone', 'laid foundation stone 1875acre east', 'ggsipu equipped modern', 'ggsipu equipped', 'laid foundation stone 1875acre', 'laid foundation stone']","['@AtishiAAP @ArvindKejriwal @GGSIPUIndia @smritiirani Ji laid the foundation stone of an 18.75-acre east Delhi campus of GGSIPU which will be equipped with modern facilities including solar power panels and geothermal cooling systems. https://t.co/3PDItGGEAj', 'GCL China with their facilitator in Sri Lanka, Sri Lanka MAAVI Agro Lanka International Pvt. Ltd will build two 50 MW generating solar plants and two 100 MV generating wind power projects. https://t.co/9h7YkapDZS', 'RT @BRI_SL: GCL China with their facilitator in Sri Lanka, Sri Lanka MAAVI Agro Lanka International Pvt. Ltd will build two 50 MW generatin‚Ä¶']",0.9481999999999999,0.0518,0.0,1187,"[2503, 2508, 3662]","(68, 57, 254)"
